id;palabra;lemma;nominacion;nominacion_agrup;diccionarios;obs
0; twittazo;manifestar;manifestaciones;protestas;CONFLICTO;
99999999; twitazo;manifestar;manifestaciones;protestas;CONFLICTO;
77777777; semaforazo;manifestar;manifestaciones;protestas;CONFLICTO;
66666666; ladrillazo;manifestar;manifestaciones;protestas;CONFLICTO;
55555555; tractorazo;manifestar;manifestaciones;protestas;CONFLICTO;
44444444; banderazo;manifestar;manifestaciones;protestas;CONFLICTO;
33333333; camionetazo;manifestar;manifestaciones;protestas;CONFLICTO;
1; imput;imputar;justicia;represiones;CONFLICTO;
2; acampando;acampar;acampes;ocupaciones;CONFLICTO;
3; acampar;acampar;acampes;ocupaciones;CONFLICTO;
4; acampe;acampar;acampes;ocupaciones;CONFLICTO;
5; acciones de violencia;violencia;violencia;ataques;CONFLICTO;
6; acciones violentas;violencia;violencia;ataques;CONFLICTO;
7; actos violentos;violencia;violencia;ataques;CONFLICTO;
8; adviert;advertir;advertir;anuncios;CONFLICTO;
9; advert;advertir;advertir;anuncios;CONFLICTO;
10; advirt;advertir;advertir;anuncios;CONFLICTO;
11; agredi;agredir;agresiones;ataques;CONFLICTO;
12; agredie;agredir;agresiones;ataques;CONFLICTO;
13; agredir;agredir;agresiones;ataques;CONFLICTO;
14; agresión;agredir;agresiones;ataques;CONFLICTO;
15; agresion;agredir;agresiones;ataques;CONFLICTO;
16; agresiones;agredir;agresiones;ataques;CONFLICTO;
17; alerta de;alertar;estados de alertas;est_alertas;CONFLICTO;
18; alertan;alertar;estados de alertas;est_alertas;CONFLICTO;
19; amenaz;amenazar;amenazas;amenazas;CONFLICTO;
20; apalea;apalear;apaleos;ataques;CONFLICTO;
21; apaleó;apalear;apaleos;ataques;CONFLICTO;
22; apaleo;apalear;apaleos;ataques;CONFLICTO;
23; apedre;apedrear;apedreos;ataques;CONFLICTO;
24; asamblea;reunión;reuniones;reuniones;CONFLICTO;
25; ataca;atacar;ataques;ataques;CONFLICTO;
26; ataque;atacar;ataques;ataques;CONFLICTO;
27; banca 25;manifestar;manifestaciones;manif_call;CONFLICTO;
28; banca abierta;manifestar;manifestaciones;manif_call;CONFLICTO;
29; barricada;obstruir;barricadas;bloqueos;CONFLICTO;
30; batalla;batallar;batallas;enfrentamientos;CONFLICTO;
31; bloquea;bloquear;bloqueos;bloqueos;CONFLICTO;
32; bloqueo;bloquear;bloqueos;bloqueos;CONFLICTO;
33; bloqueó;bloquear;bloqueos;bloqueos;CONFLICTO;
34; bocinazo;manifestar;manifestaciones;manif_call;CONFLICTO;
35; caravana;manifestar;manifestaciones;manif_call;CONFLICTO;
36; besazo;manifestar;manifestaciones;manif_call;CONFLICTO;
37; tetazo;manifestar;manifestaciones;manif_call;CONFLICTO;
38; boicot;boicotear;boicots;sabotajes;CONFLICTO;
39; bronca;genérico;genérico;protestas;CONFLICTO;
40; cacerolazo;manifestar;manifestaciones;manif_call;CONFLICTO;
41; tarifazo;manifestar;manifestaciones;manif_call;CONFLICTO;
42; calle cortada;cortar;cortes;cortes;CONFLICTO;
43; calles cortada;cortar;cortes;cortes;CONFLICTO;
44; carner;carnerear;carnereadas;carnereadas;CONFLICTO;
45; conciliación obligatoria;conciliar;conciliaciones;concil_obl;CONFLICTO;
46; conciliacion obligatoria;conciliar;conciliaciones;concil_obl;CONFLICTO;
47; conciliación no obligatoria;conciliar;conciliaciones;concil_obl;CONFLICTO;
48; conciliacion no obligatoria;conciliar;conciliaciones;concil_obl;CONFLICTO;
49; conferencia de prensa;comunicar;comunicados de prensa;comunicados;CONFLICTO;
50; rueda de prensa;comunicar;comunicados de prensa;comunicados;CONFLICTO;
51; continua la ocupación;ocupar;ocupaciones;ocupaciones;CONFLICTO;
52; continua la toma;tomar;tomas;ocupaciones;CONFLICTO;
53; continúa la ocupación;ocupar;ocupaciones;ocupaciones;CONFLICTO;
54; continúa la toma;tomar;tomas;ocupaciones;CONFLICTO;
55; continua el acampe;acampar;acampes;ocupaciones;CONFLICTO;
56; continúa el acampe;acampar;acampes;ocupaciones;CONFLICTO;
57; continua la usurp;usurpar;usurpación;ocupaciones;CONFLICTO;
58; continúa la usurp;usurpar;usurpación;ocupaciones;CONFLICTO;
59; cortarán el acceso;cortar;cortes;anuncios;CONFLICTO;
60; cortarán el puerto;cortar;cortes;anuncios;CONFLICTO;
61; cortarán el tránsito;cortar;cortes;anuncios;CONFLICTO;
62; cortarán la avenida;cortar;cortes;anuncios;CONFLICTO;
63; cortarán la calle;cortar;cortes;anuncios;CONFLICTO;
64; cortarán la intersección;cortar;cortes;anuncios;CONFLICTO;
65; cortarán la ruta;cortar;cortes;anuncios;CONFLICTO;
66; cortarán las avenidas;cortar;cortes;anuncios;CONFLICTO;
67; cortarán las calles;cortar;cortes;anuncios;CONFLICTO;
68; cortarán las intersecciones;cortar;cortes;anuncios;CONFLICTO;
69; cortarán las rutas;cortar;cortes;anuncios;CONFLICTO;
70; cortarán los accesos;cortar;cortes;anuncios;CONFLICTO;
71; cortaran el acceso;cortar;cortes;anuncios;CONFLICTO;
72; cortaran el puerto;cortar;cortes;anuncios;CONFLICTO;
73; cortaran el tránsito;cortar;cortes;anuncios;CONFLICTO;
74; cortaran el transito;cortar;cortes;anuncios;CONFLICTO;
75; cortaran la avenida;cortar;cortes;anuncios;CONFLICTO;
76; cortaran la calle;cortar;cortes;anuncios;CONFLICTO;
77; cortaran la intersecc;cortar;cortes;anuncios;CONFLICTO;
78; cortaran la ruta;cortar;cortes;anuncios;CONFLICTO;
79; cortaran las avenidas;cortar;cortes;anuncios;CONFLICTO;
80; cortaran las calles;cortar;cortes;anuncios;CONFLICTO;
81; cortaran las rutas;cortar;cortes;anuncios;CONFLICTO;
82; cortaran los accesos;cortar;cortes;anuncios;CONFLICTO;
83; cortaron el acceso;cortar;cortes;cortes;CONFLICTO;
84; cortaron el puerto;cortar;cortes;cortes;CONFLICTO;
85; cortaron el tránsito;cortar;cortes;cortes;CONFLICTO;
86; cortaron el transito;cortar;cortes;cortes;CONFLICTO;
87; cortaron la avenida;cortar;cortes;cortes;CONFLICTO;
88; cortaron la calle;cortar;cortes;cortes;CONFLICTO;
89; cortaron la intersecc;cortar;cortes;cortes;CONFLICTO;
90; cortaron la ruta;cortar;cortes;cortes;CONFLICTO;
91; cortaron las avenidas;cortar;cortes;cortes;CONFLICTO;
92; cortaron las calles;cortar;cortes;cortes;CONFLICTO;
93; cortaron las rutas;cortar;cortes;cortes;CONFLICTO;
94; cortaron los accesos;cortar;cortes;cortes;CONFLICTO;
95; corte de calle;cortar;cortes;cortes;CONFLICTO;
96; corte de la av;cortar;cortes;cortes;CONFLICTO;
97; corte de la calle;cortar;cortes;cortes;CONFLICTO;
98; corte de la ruta;cortar;cortes;cortes;CONFLICTO;
99; corte de ruta;cortar;cortes;cortes;CONFLICTO;
100; corte en la av;cortar;cortes;cortes;CONFLICTO;
101; corte en la calle;cortar;cortes;cortes;CONFLICTO;
102; corte en la ruta;cortar;cortes;cortes;CONFLICTO;
103; corte en las calles;cortar;cortes;cortes;CONFLICTO;
104; corte en las rutas;cortar;cortes;cortes;CONFLICTO;
105; cortes de calle;cortar;cortes;cortes;CONFLICTO;
106; cortes de las av;cortar;cortes;cortes;CONFLICTO;
107; cortes de las calles;cortar;cortes;cortes;CONFLICTO;
108; cortes de las rutas;cortar;cortes;cortes;CONFLICTO;
109; cortes de ruta;cortar;cortes;cortes;CONFLICTO;
110; cortes en las av;cortar;cortes;cortes;CONFLICTO;
111; crumir;carnerear;carnereadas;carnereadas;CONFLICTO;
112; demanda;reclamar;reclamos;protestas;CONFLICTO;
113; denunci;reclamar;reclamos;protestas;CONFLICTO;
114; pedir;reclamar;reclamos;protestas;CONFLICTO;
115; pidie;reclamar;reclamos;protestas;CONFLICTO;
116; pedido;reclamar;reclamos;protestas;CONFLICTO;
117; manifestar su preocupa;reclamar;reclamos;protestas;CONFLICTO;
118; manifestaron su preocupa;reclamar;reclamos;protestas;CONFLICTO;
119; manifestar la preocupa;reclamar;reclamos;protestas;CONFLICTO;
120; manifestaron la preocupa;reclamar;reclamos;protestas;CONFLICTO;
121; desaloj;desalojar;desalojos;represiones;CONFLICTO;
122; enfrentamiento;enfrentar;enfrentamientos;enfrentamientos;CONFLICTO;
123; se enfrentaron;enfrentar;enfrentamientos;enfrentamientos;CONFLICTO;
124; escrach;escrachar;escraches;ataques;CONFLICTO;
125; estado de alerta;alertar;estados de alertas;est_alertas;CONFLICTO;
126; fue agredid;agredir;agresiones;ataques;CONFLICTO;
127; fue atacad;atacar;ataques;ataques;CONFLICTO;
128; fue bloque;bloquear;bloqueos;bloqueos;CONFLICTO;
129; fue ocupad;ocupar;ocupaciones;ocupaciones;CONFLICTO;
130; fue tomad;tomar;tomas;ocupaciones;CONFLICTO;
131; fueron agredid;agredir;agresiones;ataques;CONFLICTO;
132; fueron bloquead;bloquear;bloqueos;bloqueos;CONFLICTO;
133; golpiza;atacar;ataques;ataques;CONFLICTO;
134; hechos de violencia;violencia;violencia;ataques;CONFLICTO;
135; hechos violentos;violencia;violencia;ataques;CONFLICTO;
136; huelga;parar;huelgas;huelgas;CONFLICTO;
137; acatamiento;parar;huelgas;huelgas;CONFLICTO;
138; incendiar;incendiar;ataques;ataques;CONFLICTO;
139; incidentes;genérico;genérico;protestas;CONFLICTO;
140; justicia por mano propia;linchar;linchamientos;ataques;CONFLICTO;
141; krumi;carnerear;carnereadas;carnereadas;CONFLICTO;
142; lincha;linchar;linchamientos;ataques;CONFLICTO;
143; lockout;parar;lockouts;huelgas;CONFLICTO;
144; lucha;luchar;genérico;protestas;CONFLICTO;
145; malestar;malestar;genérico;protestas;CONFLICTO;
146; manifestaci;manifestar;manifestaciones;manif_call;CONFLICTO;
147; para manifes;manifestar;manifestaciones;manif_call;CONFLICTO;
148; marcha;marchar;marchas;manif_call;CONFLICTO;
149; medida de fuerza;protesta;genérico;protestas;CONFLICTO;
150; medidas de fuerza;protesta;genérico;protestas;CONFLICTO;
151; motín;amotinar;motines;motines;CONFLICTO;
152; motin;amotinar;motines;motines;CONFLICTO;
153; amotin;amotinar;motines;motines;CONFLICTO;
154; movilizaci;movilizar;movilizaciones;manif_call;CONFLICTO;
155; concentraci;concentar;movilizaciones;manif_call;CONFLICTO;
156; negociación colectiva;negociar;negociaciones;reun_par;CONFLICTO;
157; negociacion colectiva;negociar;negociaciones;reun_par;CONFLICTO;
158; paran;parar;paros;huelgas;CONFLICTO;
159; pararon;parar;paros;huelgas;CONFLICTO;
160; paritaria;negociar;negociaciones;reun_par;CONFLICTO;
161; paro;parar;paros;huelgas;CONFLICTO;
162; paró;parar;paros;huelgas;CONFLICTO;
163; petici;peticionar;genérico;protestas;CONFLICTO;
164; pide;peticionar;genérico;protestas;CONFLICTO;
165; piquete;cortar;piquetes;cortes;CONFLICTO;
166; plan de lucha;protestar;protestas;protestas;CONFLICTO;
167; protesta;protestar;protestas;protestas;CONFLICTO;
168; quema;quemar;ataques;ataques;CONFLICTO;
169; rebeli;rebelar;genérico;protestas;CONFLICTO;
170; rechaz;rechazar;genérico;protestas;CONFLICTO;
171; reclam;reclamar;genérico;protestas;CONFLICTO;
172; represi;reprimir;represiones;represiones;CONFLICTO;
173; reprime;reprimir;represiones;represiones;CONFLICTO;
174; reprimie;reprimir;represiones;represiones;CONFLICTO;
175; repudian;repudiar;genérico;protestas;CONFLICTO;
176; retención de servicios;parar;paros;huelgas;CONFLICTO;
177; retención de tarea;parar;paros;huelgas;CONFLICTO;
178; retencion de servicios;parar;paros;huelgas;CONFLICTO;
179; retencion de tarea;parar;paros;huelgas;CONFLICTO;
180; revuelta;rebelar;genérico;protestas;CONFLICTO;
181; rompehuelga;carnerear;carnereadas;carnereadas;CONFLICTO;
182; rompieron;atacar;ataques;ataques;CONFLICTO;
183; ruta cortada;cortar;cortes;cortes;CONFLICTO;
184; rutas cortadas;cortar;cortes;cortes;CONFLICTO;
185; avenida cortada;cortar;cortes;cortes;CONFLICTO;
186; avenidas cortadas;cortar;cortes;cortes;CONFLICTO;
187; tránsito cortado;cortar;cortes;cortes;CONFLICTO;
188; transito cortado;cortar;cortes;cortes;CONFLICTO;
189; sabot;sabotear;sabotajes;sabotajes;CONFLICTO;
190; se concentrarán;concentrar;concentraciones;anuncios;CONFLICTO;
191; se concentraran;concentrar;concentraciones;anuncios;CONFLICTO;
192; se concentraron;concentrar;concentraciones;manif_call;CONFLICTO;
193; se concentran;concentrar;concentraciones;manif_call;CONFLICTO;
194; se encaden;encadenar;encadeno;manif_call;CONFLICTO;
195; se enfren;enfrentar;enfrentamientos;enfrentamientos;CONFLICTO;
196; se manifestaron;manifestar;manifestaciones;manif_call;CONFLICTO;
197; se manifestaran;manifestar;manifestaciones;anuncios;CONFLICTO;
198; se manifestarán;manifestar;manifestaciones;anuncios;CONFLICTO;
199; se reuniran;reunión;reuniones;anuncios;CONFLICTO;
200; se reunirán;reunión;reuniones;anuncios;CONFLICTO;
201; se reunieron;reunión;reuniones;reun_par;CONFLICTO;
202; será bloquead;bloquear;bloqueos;anuncios;CONFLICTO;
203; serán bloquead;bloquear;bloqueos;anuncios;CONFLICTO;
204; sera bloquead;bloquear;bloqueos;anuncios;CONFLICTO;
205; seran bloquead;bloquear;bloqueos;anuncios;CONFLICTO;
206; sirenazo;manifestar;manifestaciones;manif_call;CONFLICTO;
207; solicita ;reclamar;genérico;protestas;CONFLICTO;
208; trabajo a reglamento;parar;paros;huelgas;CONFLICTO;
209; trabajo a tristeza;parar;paros;huelgas;CONFLICTO;
210; tregua;tregua;genérico;protestas;CONFLICTO;
211; resisten;resistir;genérico;protestas;CONFLICTO;
212; ira ;genérico;genérico;protestas;CONFLICTO;
