barrios;nominaciones;agregar;obsevaciones
FRAY_LUIS_BELTRAN;Las Dalias|Alto Camet|Fray Beltrán|Beltrán|Fray Luis Beltrán|Luis Beltrán|Fray Beltran|Fray Luis Beltran|Luis Beltran;;
LAS_AMERICAS;Las Américas|Las Americas|las américas|las americas;;
LA_FLORIDA;La Florida;;
SAN_JACINTO;San Jacinto|Verde Mundo;;
PARQUE_INDEPENDENCIA;Parque Independencia;;
NUEVO_GOLF;Nuevo Golf;;
zona_sur;zona sur|zona Sur|Zona Sur|sur de la ciudad|sur de Mar del Plata;;
EL_JARDIN_DE_PERALTA_RAMOS;Jardín de Peralta Ramos;;
CAMET_FELIX_U.;Felix U. Camet|Felix Camet|Félix U. Camet|Félix Camet;;
BOSQUE_PERALTA_RAMOS;Bosque de Peralta Ramos|Bosque Peralta Ramos|bosque de Peralta Ramos;;
RIVADAVIA_BERNARDINO;Centenario|Bernardino Rivadavia;;
EL_JARDIN_DE_STELLA_MARIS;Jardín de Stella Maris;;
LOMAS_DE_STELLA_MARIS;Lomas de Stella Maris;;
PARQUE_MONTEMAR-EL_GROSELLAR;El Grosellar|Parque Montemar;;
EL_MARTILLO;El Martillo;;
LAS_AVENIDAS;Las Avenidas;;
DE_LAS_HERASJUAN_GREGORIO;Las Heras;;
SANTA_ROSA_DEL_MAR_DE_PERALTA_RAMOS;Santa Rosa|Monte Terrabusi|Antártida Argentina;;
PLAYA_SERENA;Playa Serena|playa Serena;;
SAN_PATRICIO;San Patricio;;
LOS_ACANTILADOS;Acantilados|Costa Azul|Mar y Sol;;
ROLDAN_BELISARIO;Belisario Roldán|Belisario Roldan;;
SAN_CARLOS;San Carlos;;
DIVINO_ROSTRO;Divino Rostro;;
AEROPARQUE;Aeroparque;;
NEWBERY_JORGE;Jorge Newbery;;
BOSQUE_GRANDE;Bosque Grande;;
SANTA_PAULA;Santa Paula;;
GENERAL_BELGRANO;Barrio Belgrano|barrio Belgrano|General Belgrano|Gral. Belgrano;;
ALFAR;Alfar;;
PARQUE_INDEPENDENCIA;Parque Independencia;;
ESTACION_CHAPADMALAL;Estación Chapadmalal;;
CERRITO_SUR;Cerrito;;
CERRITO_Y_SAN_SALVADOR;San Salvador;;
SANCHEZ_FLORENCIO;Florencio Sánchez;;
PARQUE_HERMOSO_Y_VALLE_HERMOSO;Parque Hermoso|Valle Hermoso;;
PARQUE_CAMET;Parque Camet|Parque Peña|parque Camet|parque Peña;;
SIERRA_DE_LOS_PADRES;Sierra de los Padres|sierra de los Padres|sierra de los padres|Sierra de Los Padres;;
EL_MARQUESADO;Marquesado;;
PLAYA_LOS_LOBOS;Barranca de los Lobos|barranca de los Lobos|barranca de los lobos|Playa Los Lobos|Playa los Lobos|Playa los lobos|playa los lobos|playa los Lobos|playa Los Lobos;;
DE_LA_PLAZA_FORTUNATO;Villa Evita|villa Evita|Fortunato de la Plaza|Fortunato de La Plaza|Fortunato De La Plaza;;
SAN_CARLOS;Villa de Paso;;
PERALTA_RAMOS_OESTE;Estadio José María Minella|Peralta Ramos Oeste|Peralta Ramos oeste;;
QUEBRADAS_DE_PERALTA_RAMOS;Quebradas de Peralta Ramos;;
JOSE_HERNANDEZ;José Hernández|Jose Hernandez|Ostende;;
AUTODROMO;Autódromo|Autodromo;;
DON_EMILIO;Don Emilio;;
VILLA_PRIMERA;Villa Primera|villa Primera;;
PARQUE_PALERMO;Parque Palermo;;
DON_BOSCO;Don Bosco;;
SAN_JUAN;San Juan;;
SANTA_CELINA;Santa Celina|Don Diego;;
COLINAS_DE_PERALTA_RAMOS;Colinas de Peralta Ramos|barrio Peralta Ramos;;
COLINA_ALEGRE;Colina Alegre;;
GENERAL_PUEYRREDON;barrio Pueyrredon|barrio General Pueyrredon|barrio Gral. Pueyrredon|barrio Pueyrredón|barrio General Pueyrredón|barrio Gral. Pueyrredón;;
GENERAL_SAN_MARTIN;barrio San Martín|barrio General San Martín|Barrio San Martín|Barrio General San Martín|Barrio Gral San Martín|Barrio Gral. San Martín;;
DOS_DE_ABRIL;barrio 2 de Abril|barrio 2 de abril|Dos de Abril|Dos de abril|dos de abril|Retazo;;
DEL_PUERTO;barrio puerto|barrio Puerto|barrio del puerto|barrio del Puerto|barrio Del Puerto|barrio del puerto;;
VIRGEN_DE_LUJAN;Virgen de Luján;;
ESTACION_CAMET;Estación Camet|Castagnino|La Laura|El Tejado|El Sosiego;;
SAN_EDUARDO_DEL_MAR;San Eduardo|San Eduardo del Mar;;
LA_GLORIA_DE_LA_PEREGRINA;Colinas Verdes;;
LA_PEREGRINA;El Coyunco|La Peregrina;;
ARROYO_CHAPADMALAL;Arroyo Chapadmalal;;
HIPODROMO;Hipódromo;;
LOS_TILOS;Los Tilos|Etchepare;;
NUEVE_DE_JULIO;9 de Julio|Nueve de Julio|9 de julio|nueve de julio;;
AMEGHINO_FLORENTINO;Ameghino|La Zulema;;
LOMAS_DEL_GOLF;Lomas del Golf|Lomas Del Golf;;
BOSQUE_ALEGRE;Bosque Alegre|bosque Alegre;;
ESTRADA_JOSE_MANUEL;Estrada|Caisamar;;
CONSTITUCION;Barrio Constitución|barrio Constitución;;
CORONEL_DORREGO;Barrio Dorrego|barrio Coronel Dorrego|Barrio Coronel Dorrego|barrio Dorrego;;
EL_PROGRESO;El Progreso;;
FARO_NORTE;El Faro|Faro norte|Faro Norte;;
LOPEZ_DE_GOMARA;López de Gomara|Lopez de Gomara|Lopez De Gomara|López De Gomara;;
JURAMENTO;Juramento;;
LAS_CANTERAS;Las Canteras;;
LA_PERLA;La Perla;;
LAS_RETAMAS;Las Retamas;;
LIBERTAD;barrio Libertad|Barrio Libertad;;
LOS_PINARES;Los Pinares|San Gerónimo|San Geronimo|San Jerónimo|San Jeronimo;;
LOS_TRONCOS;Los Troncos;;
VILLA_LOURDES;Villa Lourdes|villa Lourdes;;
MALVINAS_ARGENTINAS;Malvinas Argentinas;;
NUEVA_POMPEYA;Nueva Pompeya|plaza Pueyrredon|Plaza Pueyrredon;;
PARQUE_LURO;Parque Luro|Barrio Luro|parque Luro|barrio Luro|Canchita de los Bomberos|canchita de los bomberos| de los Bomberos;;
PINOS_DE_ANCHORENA;Pinos de Anchorena;;
PLAYA_CHAPADMALAL;Playa Chapadmalal;;
PLAYA_GRANDE;Playa Grande;;
PRIMERA_JUNTA;Primera Junta;;
PUNTA_MOGOTES;Mogotes;;
SAN_ANTONIO;San Antonio;;
SAN_JOSE;San José;;
SANTA_MONICA;Santa Mónica|Santa Monica;;
SANTA_RITA;Santa Rita;;
SANTA_ROSA_DE_LIMA;Santa Rosa de Lima;;
SARMIENTO_DOMINGO_FAUSTINO;barrio Sarmiento|Barrio Sarmiento|barrio Domingo Faustino Sarmiento|Barrio Domingo Faustino Sarmiento;;
TERMAS_HUINCO;Termas Huinco;;
VIRGEN_DE_LUJAN;Virgen de Lujan;;
ZACAGNINI_JOSE_MANUEL;Zacagnini;;
BATAN;vecinos de Batán|en Batán|En Batán|batanense;;
VILLA_SERRANA;Villa Serrana|villa Serrana;;
EL_COLMENAR;El Colmenar|Barrio Colmenar|barrio Colmenar;;
LOMAS_DE_BATAN;Lomas de Batán;;
PARQUE_INDUSTRIAL;Parque Industrial;;
EL_BOQUERON;El Boquerón|El Boqueron;;
LA_GERMANA;La Germana;;
PARQUE_EL_CASAL;El Casal;;
COLONIA_BARRAGAN;Colonia Barragán;;
LAS_MARGARITAS;Las Margaritas;;
AREA_CENTRO;Plaza Colón|Plaza Mitre|Plaza San Martín|Palacio Municipal|Concejo Deliberante;;
LA_HERRADURA;La Herradura;;
SAN_JORGE;San Jorge;;
SAN_CAYETANO;San Cayetano;;
ESTACION_NORTE;Estación Norte;;
CARIBE;Barrio Caribe;;
LAS_LILAS;Las Lilas;;
REGIONAL;Barrio Regional;;
LOS_ANDES;Los Andes;;
PLAZA_PERALTA_RAMOS;Plaza Peralta Ramos;;
EL_GAUCHO;El Gaucho;;
FUNES_Y_SAN_LORENZO;Funes y San Lorenzo;;
GENERAL_ROCA;General Roca|Gral. Roca|Gral Roca;;
CAMINO_A_NECOCHEA;Camino a Necochea;;
ANTARTIDA_ARGENTINA;Antártida Argentina;;
RUMENCO;Rumencó|Rumenco;;
LOS_ZORZALES;Los Zorzales;;
LA_ARBOLEDA;La Arboleda;;
ARENAS_DEL_SUR;Arenas del Sur;;
SAN_EDUARDO_DE_CHAPADMALAL;San Eduardo de Chapadmalal;;
ESTACION_TERMINAL;Estación Terminal;;
LEANDRO_N._ALEM;Barrio Alem|Leandro N. Alem;;
